metric,n_blocks_dimensions,statistic,p_value
MAE,5,3.8571428571428585,0.2773090569001116
RMSE,5,1.8979591836734688,0.5938533045149423
